LookStatue|ru-RU=Обломки статуи
end_task_level_01|ru-RU=Найти Елену
TalkHelena|ru-RU=Елена
BuildTorchSite|ru-RU=Фонарь
AdvertisementNoAds|ru-RU=Вам придется ждать следующего объявления!|en-US=You have to wait for the next ad!
AdvertisementTimeOut|ru-RU=Что-то пошло не так!|en-US=Something went wrong!
CoinBallanceCoins|ru-RU=Монеты|en-US=Coins
ConceptArtName|ru-RU=Концепт-арт|en-US=Concept art
ConfirmHeaderExit|ru-RU=Выход|en-US=Exit
ConfirmDescriptionExit|ru-RU=Вы уверены, что хотите выйти из игры?|en-US=Are you sure you want to exit the game?
ConfirmHeaderRestart|ru-RU=Перезапуск|en-US=Restart
ConfirmDescriptionRestart|ru-RU=Вы уверены, что хотите начать уровень сначала?|en-US=Are you sure you want to restart the level?
ConfirmHeaderMap|ru-RU=Карта|en-US=Map
ConfirmDescriptionMap|ru-RU=Вы уверены, что хотите выйти на карту?|en-US=Are you sure you want to exit to map?
ConfirmHeaderMenu|ru-RU=Главное меню|en-US=Main menu
ConfirmDescriptionMenu|ru-RU=Вы уверены, что хотите выйти в главное меню?|en-US=Are you sure you want to exit to main menu?
ConfirmHeaderDeleteProfile|ru-RU=Удаление профиля|en-US=Delete Profile
ConfirmDescriptionDeleteProfile|ru-RU=Вы уверены, что хотите выйти в главное меню?|en-US=Are you sure you want to delete this profile?
CreditsHeader|ru-RU=Создатели|en-US=Credits
CreditsRole01|ru-RU=Дизайнер|en-US=Designer
CreditsRole02|ru-RU=Художник|en-US=Artist
CreditsRole03|ru-RU=Программист |en-US=Programmer
CreditsName01|ru-RU=Петр Мельников|en-US=Petr Melnikov
CreditsName02|ru-RU=Анна Белова|en-US=Anna Belova
CreditsName03|ru-RU=Олег Волков |en-US=Oleg Volkov
ExtraAdditionalCampaign|ru-RU=Дополнительная кампания|en-US=Additional campaign
ExtraConceptArt|ru-RU=Концепт-арт|en-US=Concept art
ExtraMusic|ru-RU=Музыка|en-US=Music
ExtraAdditionalCampaignDescription|ru-RU=Дополнительная кампания недоступна|en-US=Additional campaign is not available
GuideStepDescription01|ru-RU=Устраните препятствие|en-US=Cleare the obstacle
GuideExploreHeader|ru-RU=Дерево|en-US=Wood
GuideExploreDescription|ru-RU=Один из 4 ресурсов. Его можно добыть, срубив деревья или убрав ветки с земли.|en-US=One of the 4 resources. Can be harvested by cutting down trees or removing branches from earth. 
LanguageArabic|ru-RU=عربى|en-US=عربى
LanguageChineseSimplified|ru-RU=简体中文|en-US=简体中文
LanguageChineseTraditional|ru-RU=繁體中文|en-US=繁體中文
LanguageEnglish|ru-RU=English|en-US=English
LanguageFrench|ru-RU=Français|en-US=Français
LanguageGerman|ru-RU=Deutsch|en-US=Deutsch
LanguageHindi|ru-RU=हिंदी|en-US=हिंदी
LanguageHeader|ru-RU=Язык|en-US=Language
LanguageIndonesian|ru-RU=Indonesia|en-US=Indonesia
LanguageItalian|ru-RU=Italiano|en-US=Italiano
LanguageJapanese|ru-RU=日本人|en-US=日本人
LanguageKorean|ru-RU=한국어|en-US=한국어
LanguagePortugueseBrazil|ru-RU=Português|en-US=Português
LanguageRussian|ru-RU=Русский|en-US=Русский
LanguageSpanish|ru-RU=Español|en-US=Español
LanguageThai|ru-RU=ไทย|en-US=ไทย
LanguageTurkish|ru-RU=Türk|en-US=Türk
TextPauseHeader|ru-RU=Пауза
TextSpeed|ru-RU=Скорость
LevelPvETaskFind|ru-RU=Найти
LevelPvETaskGetTo|ru-RU=Добраться
LevelPvETaskHelp|ru-RU=Помочь
LevelPvETaskRepair|ru-RU=Починить
LevelPvETaskIlluminate|ru-RU=Осветить
LevelPvETaskCollect|ru-RU=Собрать
LevelPvETaskBring|ru-RU=Принести
LevelPvEEndLevelHeader|ru-RU=Отлично!
LevelPvEEndLevelTime|ru-RU=Время
LevelPvEEndLevelCoins|ru-RU=Монеты
LevelPvEEndLevelCoinsCount|ru-RU={EarnedCoinCount}
LevelPvEResource|ru-RU={ResourceNameCount}
LevelPvEEndLevelTimeCount|ru-RU={TimeSpentCount}
LevelPveBadgeTaskCount|ru-RU={TaskNameCount}
LevelPvEStartTextLevelHeader|ru-RU=Уровень {CurrentLevel}
LevelPvEStartTextRewards|ru-RU=Увеличивай ставку! Чем больше монет на кону, тем выше награда!
LevelPvEStartTextCoin|ru-RU={LevelPrice##}
LevelPvEStartTextRewardsHeader|ru-RU=Награда
LevelPvEStartTextBoosterName01|ru-RU=наименование бустера01
LevelPvEStartTextBoosterDescription01|ru-RU=описание бустера01
LevelPvEStartTextBoosterName02|ru-RU=наименование бустера02
LevelPvEStartTextBoosterDescription02|ru-RU=описание бустера02
LevelPvEStartTextBoosterName03|ru-RU=наименование бустера03
LevelPvEStartTextBoosterDescription03|ru-RU=описание бустера03
LevelPvEStartTextBoosterDescription04|ru-RU=описание бустера04
LevelPvEStartTextBoosterName04|ru-RU=наименование бустера04
LevelPvEStartBadgeBoosterCount|ru-RU={BoosterCount##}
LevelPveStartTextHeaderBuyBoosterName##|ru-RU=наименования бустера ##
LevelPveStartTextBoosterBuyoosterDescription##|ru-RU=описание бустера ##
LevelPveStartTextCoinBuy|ru-RU={BoosterPrice##}
LevelPvEStartTextError|ru-RU=У тебя недостаточно монет!
LoadingButtonProfile|ru-RU=Мир тебе, "%PLAYERNAME%"! |en-US=Peace to you, "%PLAYERNAME%"! 
LoadingButtonProfileChange|ru-RU=Нажми, чтобы выбрать профиль|en-US=Click to select profile
MapTextHint|ru-RU=Этот уровень ещё недоступен!|en-US=This level is not available 
MapTextLevelNumber|ru-RU={CurrentLevel}
MetaItemInfo01|ru-RU=Гермес считается покровителем глашатаев, путешественников, воров, торговцев и ораторов.|en-US=Hermes is considered the protector of human heralds, travelers, thieves, merchants, and orators.
MetaItemName01|ru-RU=Гермес|en-US=Hermes
MetaItemHeaderUpgrade##|ru-RU=Рука Гермеса|en-US=Arm of Hermes
MetaItemUpgradeDescription##|ru-RU=Вы прикрепите руку Гермеса к статуе.|en-US=You will attach Hermes's arm to the statue
MetaItemLocked|ru-RU=На реконструкции |en-US=Under Reconstruction
MetaItemExplanation|ru-RU=Разблокируйте остров, чтобы улучшить эту статую.|en-US=Unlock the island to upgrade this statue
MetaItemUpgradeReward|ru-RU=Вы получите:|en-US=You will receive:
MusicHeader|ru-RU=Музыка|en-US=Music
MusicName01|ru-RU=Muse - Time Is Running Out|en-US=Muse - Time Is Running Out
MusicName02|ru-RU=Muse - Supermassive Black Hole|en-US=Muse - Supermassive Black Hole
NoConnectionHeader|ru-RU=Нет связи|en-US=No Connection
NoConnectionDescription|ru-RU=Ошибка подключения. Пожалуйста, попробуйте еще раз или свяжитесь с нашей службой поддержки.|en-US=Connection error. Please, try again or contact our support team.
NoConnectionOk|ru-RU=Ок|en-US=Ok
Pack01Level01ComingDarkness01|ru-RU=Боги, как темно! Но сейчас же полдень!
Pack01Level01ComingDarkness02|ru-RU=Непроглядная тьма? Но до конца света ещё две тысячи лет!
Pack01Level01ComingDarkness03|ru-RU=Куда делось солнце?! Куда делось небо?! Куда делся я?! Помогите!
Pack01Level01ComingDarkness04|ru-RU=Надеюсь, Елена не пострадала
Pack01Level01BubbleStatueFall01|ru-RU=БАХ!
Pack01Level01BubbleStatueFall02|ru-RU=Что там случилось?
Pack01Level01BubbleStatueFall03|ru-RU=Кажется, что-то упало.
Pack01Level01BubbleStatueFall04|ru-RU=Возможно, это была моя смелость.
Pack01Level01BubbleStatueFall05|ru-RU=Звук был недостаточно тихий.
Pack01Level01BubbleStatueFind01|ru-RU=Это птица? Это человек?
Pack01Level01BubbleStatueFind02|ru-RU=Мне кажется, это Ахиллес. Точно, у него такая же шевелюра была.
Pack01Level01BubbleStatueFind03|ru-RU=Это Аполлон. Я высек его на прошлые Пифийские игры.
Pack01Level01BubbleStatueFind04|ru-RU=Аполлон? Это не тот, что за солнце отвечает?
Pack01Level01BubbleStatueFind05|ru-RU=Он самый. Люди молвились, что солнце по всей Греции пропало...
Pack01Level01DialogueEnd01|ru-RU=Елена! Ты в порядке?
Pack01Level01DialogueEnd02|ru-RU=Я пришла за продуктами, когда вокруг стало темно, как в Царстве Аида.
Pack01Level01DialogueEnd03|ru-RU=О, Поллукс, что происходит? Говорят, небо рушится нам на головы!
Pack01Level01DialogueEnd04|ru-RU=Спокойно, милая. Пока что рушатся только мои статуи, а это не самая большая потеря.
Pack01Level01DialogueEnd05|ru-RU=Но солнце...
Pack01Level01DialogueEnd06|ru-RU=Я сам не понимаю, что происходит. Но знаю, у кого можно спросить.
Pack01Level02BubbleStart01|ru-RU=Думаешь, Оракул знает, что случилось?
Pack01Level02BubbleStart02|ru-RU=Конечно! Он же предсказал засуху в прошлом году!
Pack01Level02BubbleStart03|ru-RU=Но тогда, наоборот, пролилось много дождей.
Pack01Level02BubbleStart04|ru-RU=Ему просто нужен второй шанс.
Pack01Level02BubbleStandingPoint01Find01|ru-RU=Говорят, Оракул предсказал солнечное лето.
Pack01Level02BubbleStandingPoint01Find02|ru-RU=Когда?
Pack01Level02BubbleStandingPoint01Find03|ru-RU=Да вчера, на рыночной площади.
Pack01Level02BubbleStandingPoint01Find04|ru-RU=Хм, возможно, синоптик из него действительно неважный.
Pack01Level02BubbleStandingPoint13Find|ru-RU=Кажется, зря я купил новые солнечные часы.
Pack01Level02DialogueEnd01|ru-RU=Оракул! Я тебя повсюду ищу!
Pack01Level02DialogueEnd02|ru-RU=А, юный Поллукс, здравствуй. Как дела у прекрасной Елены?
Pack01Level02DialogueEnd03|ru-RU=Нет времени, провидец! Ты можешь связаться с богами? Мне срочно надо поговорить с Аполлоном.
Pack01Level02DialogueEnd04|ru-RU=Конечно! Я же оракул! Это моя работа - быть связующей нитью между миром смертных и сонмом могущественных сущностей, которые...
Pack01Level02DialogueEnd05|ru-RU=...которые могли бы поговорить с нами прямо сейчас?
Pack01Level02DialogueEnd06|ru-RU=Вот молодёжь пошла, ни капли терпения. Ладно, начинаю сеанс связи...
Pack01Level02DialogueEnd08|ru-RU=Ну что?
Pack01Level02DialogueEnd09|ru-RU=Странно. Всё время переводит на "службу поддержки", и музыка играет, назойливая такая... Постой, да это же песнь Каллиопы!
Pack01Level02DialogueEnd10|ru-RU=И что же это означает?
Pack01Level02DialogueEnd11|ru-RU=Что Лучезарный нам не ответит. Сигнал здесь слабый, камень кругом... Надо идти в храм Аполлона - это единственное место, где мы услышим его кифару... то есть где нас услышат!
Pack01Level03BubbleStart01|ru-RU=Храм на вершине этой горы.
Pack01Level03BubbleStart02|ru-RU=Тогда не будем терять времени!
Pack01Level03BubbleStart03|ru-RU=Иди вперёд, я уже не так быстр, как в молодости.
Pack01Level03BubblePleaseHelp01|ru-RU=Помогите! Мой брат упал и повредил ногу!
Pack01Level03BubblePleaseHelp02|ru-RU=Мы должны помочь! Но как?
Pack01Level03BubblePleaseHelp03|ru-RU=Вот и курсы "Асклепий для начинающих" пригодились! Поллукс, отведи меня.
Pack01Level03BubbleImHere01|ru-RU=Кто-нибудь! Я... где-то здесь!
Pack01Level03BubbleImHere02|ru-RU=Держись, мы уже идём!
Pack01Level03BubbleThanks01|ru-RU=Ох, моя лодыжка. Спасибо тебе! Прими это в благодарность, и храни тебя боги.
Pack01Level03BubbleThanks02|ru-RU=Впереди могут быть ещё раненые, надо запастись целебными травами.
Pack01Level03BubbleBrokenBridge01|ru-RU=Гефест всемогущий, мост сломан!
Pack01Level03BubbleBrokenBridge02|ru-RU= Погоди отчаиваться! Может, нам удастся его починить.
Pack01Level03BubbleWrongWay|ru-RU= Странно, раньше путь до храма мне казался короче. Я так до Афин дойду ненароком.
Pack01Level03DialogueEnd01|ru-RU=Слава богам, храм перед нами!
Pack01Level03DialogueEnd02|ru-RU=Отлично! Значит, не будем терять времени!
Pack01Level03DialogueEnd03|ru-RU=Оракул? Как вы сюда попали?! Мост же был сломан!
Pack01Level03DialogueEnd04|ru-RU=Ты сомневался во мне? Столько лет здесь живу, конечно, я быстрее тебя!
Pack01Level03DialogueEnd05|ru-RU=Но почему же ты сразу не сказал, как найти короткий путь?
Pack01Level03DialogueEnd06|ru-RU=Не важно, у нас есть более насущные проблемы! Идём! Воздадим должное Его Сиятельству!
Pack01Level04DialogueStart01|ru-RU=Святая оливковая ветвь! Почему всё в таком запустении?
Pack01Level04DialogueStart02|ru-RU=Люди редко добираются. Возможно, строить храм на вершине крутой горы - не было блестящей идеей.
Pack01Level04DialogueStart03|ru-RU=Раз уж мы добрались, давайте призовём Аполлона к ответу!
Pack01Level04DialogueStart04|ru-RU=Надеюсь, это просто фигура речи.
Pack01Level04DialogueStart05|ru-RU=Но как работать в темноте? 
Pack01Level04DialogueStart06|ru-RU=Когда мы попытались, мы перепутали голову статуи Аполлона с кувалдой.
Pack01Level04DialogueStart07|ru-RU=Прошлое в прошлом, теперь, когда с нами Мастер, никакая темнота не страшна!
Pack01Level04DialogueStart08|ru-RU=Так вы перепутали из-за того, что темноты испугались?
Pack01Level04DialogueStart09|ru-RU=Конечно же… нет!
Pack01Level04DialogueStart10|ru-RU=Как бы то ни было, с пламенем Прометея мы сможем помочь этому месту вновь сиять. За дело!
Pack01Level04BubbleNewResources|ru-RU=Для подношения понадобится что-то большее, чем горсть камней и пара лепёшек.
Pack01Level04BubbleOracleComments01|ru-RU=Ветки мирта, чтобы разрядить атмосферу и избавиться от негативной энергии.
Pack01Level04BubbleOracleComments02|ru-RU=Виноградный сок с пряностями для релаксации.
Pack01Level04BubbleOracleComments03|ru-RU=Фрукты для поддержания активности и как источник антиоксидантов.
Pack01Level04BubbleOracleComments04|ru-RU=Что за диковинные слова ты произносишь, оракул? 
Pack01Level04BubbleOracleComments05|ru-RU=Понятия не имею.
Pack01Level04BubbleDisadvantages01|ru-RU=Кажется, свет только усилил недостатки. Аполлон будет не в восторге.
Pack01Level04BubbleDisadvantages02|ru-RU=Спокойно! Сейчас плюнем, дунем - и надёжно смажем маслом. Будет как новенький!
Pack01Level04DialogueEnd01|ru-RU=О, Лучезарный, бог света и искусств, прими наши скромные дары и откликнись на зов верного слуги! 
Pack01Level04DialogueEnd02|ru-RU=Вы обратились в приёмную Аполлона. Пожалуйста, оставайтесь на линии, с вами свяжется первый освободившийся оператор. Помните: ваш звонок важен для нас.
Pack01Level04DialogueEnd03|ru-RU=Только не переключай на мелодию ожидания…
Pack01Level04DialogueEnd04|ru-RU=Так это ты тот смертный, кто смел назвать мою музыку навязчивой?!
Pack01Level04DialogueEnd05|ru-RU=О, Каллиопа, смилуйся! Твоя музыка… звучит так, как будто она преследует меня повсюду!
Pack01Level04DialogueEnd06|ru-RU=Это не музыка тебя преследует, а вдохновение.
Pack01Level04DialogueEnd07|ru-RU=Вдохновение? Больше похоже на музыкальное проклятие!
Pack01Level04DialogueEnd08|ru-RU=Проклятие? О, смертный, это я ещё на лиру не сыграла!
Pack01Level04DialogueEnd09|ru-RU=Мне очень жаль, что я отвлекаю вас от высокопарных слов, но давайте вернёмся к делу.
Pack01Level04DialogueEnd10|ru-RU=Точно, я ведь на работе. Кхм. Я — Каллиопа, муза эпической поэзии и по совместительству дежурная приёмной Аполлона. Чем я могу помочь?
Pack01Level04DialogueEnd11|ru-RU=Скажи, куда исчез солнечный свет?
Pack01Level04DialogueEnd12|ru-RU=Сейчас зачитаю… Настоящим извещаем вас, Греция была отключена от услуги "солнечный свет" по причине нехватки подношений на расчётном счёте.
Pack01Level04DialogueEnd13|ru-RU=Но мы ведь только что преподнесли множество даров!
Pack01Level04DialogueEnd14|ru-RU=Вы можете обжаловать вердикт. Ваше обращение будет рассмотрено в течение тридцати рабочих дней. 
Pack01Level04DialogueEnd17|ru-RU=Поллукс! Факелы гаснут! Что это значит?
Pack01Level04DialogueEnd18|ru-RU=Это значит, что у нас проблемы...
Pack01Level05DialogueStart01|ru-RU=Огонь погас. Прости, Поллукс, я больше ничего не могу сделать.
Pack01Level05DialogueStart02|ru-RU=Но мы так далеко продвинулись! Должен быть способ всё исправить.
Pack01Level05DialogueStart03|ru-RU=Увы, в разрушенном храме без жрецов я бессилен.
Pack01Level05DialogueStart04|ru-RU=Мой факел ещё горит! Я разыщу жрецов! Мы восстановим храм и попробуем снова!
Pack01Level05BubbleLostDog01|ru-RU=Зефир! Зефир! Где ты, негодник? Зефир!
Pack01Level05BubbleLostDog02|ru-RU=Достопочтимый жрец, зачем ты кричишь на темноту?
Pack01Level05BubbleLostDog03|ru-RU=Моя собака! Его зовут Зефир, и он потерялся! Я никуда не пойду без него.
Pack01Level05BubbleLostDog04|ru-RU=Я приведу его.
Pack01Level05BubbleLostDog05|ru-RU=Только учти: там впереди сломан мост!
Pack01Level05BubbleLostDog06|ru-RU=Да кто ж всё ломает эти мосты! И как назло, у нас закончились материалы.
Pack01Level05BubbleLostDog07|ru-RU=Охох, надеюсь, боги запомнят мою жертву. Ты можешь разобрать мой старый сарай, чтобы починить мост. На что только не пойдёшь ради спасения Греции... 
Pack01Level05BubbleHungry01|ru-RU=Аполлон милостивый, я так давно не ел. Уж и не помню вкус еды. Как можно молиться в таком состоянии!
Pack01Level05BubbleHungry02|ru-RU=Как давно ты голодаешь?
Pack01Level05BubbleHungry03|ru-RU=Имеет ли время значение? Три часа, если тебе интересно. 
Pack01Level05BubbleHungry04|ru-RU=Надеюсь, Аполлон не такой капризный, как его жрецы. 
Pack01Level05BubbleThanksForFood01|ru-RU=Боги, как же вкусно! Спасибо тебе! Давай осветим это место.
Pack01Level05BubbleLostStick01|ru-RU=Я потерял трость! Без неё мои старые колени ни за что не позволят дойти до храма! 
Pack01Level05BubbleLostStick02|ru-RU=Почему бы не взять какую-нибудь палку?
Pack01Level05BubbleLostStick03|ru-RU=Разве чтобы огреть тебя по спине! Я жрец, а не пастух, мне по статусу не положены палки.
Pack01Level05BubbleThanksForStick01|ru-RU=Ты нашёл её! Да пребудет с тобой благословение Аполлона! А теперь веди меня к храму, да поосторожнее! Помни про мои колени.
Pack01Level05BubbleThanksForStick02|ru-RU=Кажется, я начинаю понимать, за что у нас забрали солнечный свет...
Pack01Level05BubbleThanksForStick03|ru-RU=Я слышал, ты звал этого несносного пса? Вот, возьми, я частенько выманиваю его из подвалов храма. Негодник любит гоняться за мышами.
Pack01Level05BubbleDogFind|ru-RU=Ты, наверное, Зефир. Надеюсь, характер у тебя такой же, как имя. 
Pack01Level05BubbleThanksForDog01|ru-RU=Зефир! Ты вернулся! А кто хороший мальчик? А кто хочет косточку?
Pack01Level05BubbleThanksForDog02|ru-RU=Кхм-кхм!
Pack01Level05BubbleThanksForDog03|ru-RU=Ах, да.. Ни минуты покоя старику! Вот, теперь наш путь озаряет свет.
Pack01Level05DialogueEnd01|ru-RU=Зачем ты нас собрал? Наш храм в руинах! Только посмотри, сколько пыли! Это ужас, трагедия!
Pack01Level05DialogueEnd02|ru-RU=Мы всё починим.
Pack01Level05DialogueEnd03|ru-RU=Плюнем.
Pack01Level05DialogueEnd04|ru-RU=Дунем.
Pack01Level05DialogueEnd05|ru-RU=И подметём.
Pack01Level05DialogueEnd06|ru-RU=Всё бессмысленно, боги отвернулись от нас. За дерзость и непочтительность! Нам остаётся только смирённо принять их кару. И нет нам ни спасения, ни надежды...
Pack01Level05DialogueEnd07|ru-RU=Колонны покрасим. В красный.
Pack01Level05DialogueEnd08|ru-RU=С позолотой.
Pack01Level05DialogueEnd09|ru-RU=По рукам.
Pack01Level05DialogueEnd10|ru-RU=Тогда, возможно, надежда ещё есть. Поэтому за работу, дети мои! Нам очень многое предстоит сделать!
Pack01Level06DialogueStart01|ru-RU=Мы подготовили список работ, которые необходимы для успешного подношения.
Pack01Level06DialogueStart02|ru-RU=Зал для пиршеств, позолоченные жреческие покои, бассейн? Но что из этого должно помочь в обращении к Аполлону?
Pack01Level06DialogueStart03|ru-RU=Ты невнимательно читаешь, скульптор, там ещё новый алтарь!
Pack01Level06DialogueStart04|ru-RU=Тогда мы начнём с конца списка.
Pack01Level06DialogueStart05|ru-RU=И...
Pack01Level06DialogueStart06|ru-RU=И это не расширение виноградного погреба! Ученики! Готовьте инструменты, нам предстоит серьёзная работа.
Pack01Level06BubbleFindDye01|ru-RU=Если мы возьмём краситель и немного фантазии, то у нас выйдет отличная красная краска!
Pack01Level06BubbleFindDye02|ru-RU=Ну, фантазии у нас в избытке. Осталось найти краситель!
Pack01Level06BubbleNotGray01|ru-RU=Кажется, я превзошёл сам себя! Идеальный серый цвет!
Pack01Level06BubbleNotGray02|ru-RU=Красный.
Pack01Level06BubbleNotGray03|ru-RU=Да? А я ещё подумал, зачем мы красим мраморные колонны в цвет мрамора. Ох уж этот дальтонизм.
Pack01Level06BubbleMedusa01|ru-RU=Оракул! На нашего похож как две капли.
Pack01Level06BubbleMedusa02|ru-RU=Странно, я вдохновлялся Медузой Горгоной.
Pack01Level06BubbleAres01|ru-RU=Это воин? У него покровитель Арес. Это... немного другой бог. Очень сильно другой.
Pack01Level06BubbleHephaestus01|ru-RU=Кузнец! Гефест будет доволен. Жаль, у нас храм Аполлона.
Pack01Level06BubbleAthlete01|ru-RU=Атлет. Когда-то и меня вела дорога гимнастики, а потом я подвернул колено.
Pack01Level06BubbleAsclepius01|ru-RU=Лекарь! Скажи, служитель Асклепия и Аполлона, как мне вылечить свой радикулит?
Pack01Level06BubbleAsclepius02|ru-RU=Он мраморный.
Pack01Level06BubbleAsclepius03|ru-RU=Я знаю, но надежда умирает последней...
Pack01Level06BubblePoet01|ru-RU=Зачем поэтам лира? Они же не музыканты.
Pack01Level06BubblePoet02|ru-RU=Хороший саундтрек всё делает лучше. Даже плохие стихи.
Pack01Level06BubbleMusician01|ru-RU=Теоретически, у музыканта должна быть в руках кифара.
Pack01Level06BubbleMusician02|ru-RU=Что это?
Pack01Level06BubbleMusician03|ru-RU=Разновидность лиры.
Pack01Level06BubbleMusician04|ru-RU=Будем надеяться, что Аполлон тоже не знает, как она выглядит.
Pack01Level06BubbleFiveStatues01|ru-RU=Итак, у нас пять статуй. В темноте. Возможно, им всё же стоило приделать факелы.
Pack01Level06BubbleAltar01|ru-RU=Только глянь, если это не красота, то я уже не знаю что.
Pack01Level06DialogueEnd01|ru-RU=Мы всё сделали, храм теперь краше прежнего. Жрец, ты уверен, что этого достаточно?
Pack01Level06DialogueEnd02|ru-RU=Нет, если бы с тобой не было нас. Узри же! Так работают лучшие жрецы Греции!
Pack01Level06DialogueEnd03|ru-RU=Но... ничего не происходит.
Pack01Level06DialogueEnd04|ru-RU=Тихо, скульптор! Мы сейчас как раз на связи с приёмной... ох, святая оливковая ветвь!
Pack01Level06DialogueEnd05|ru-RU=Что? Что случилось?
Pack01Level06DialogueEnd06|ru-RU=Мы не сможем связаться с Аполлоном. Боюсь, мы несколько перестарались.
Pack01Level06DialogueEnd07|ru-RU=О чём ты? Что значит перестарались?
Pack01Level06DialogueEnd08|ru-RU=Это значит, что я решил прийти лично.
Pack01Level06DialogueEnd09|ru-RU=Ох, святая оливковая...
Pack01Level07DialogueStart01|ru-RU=О, Лучезарный, мы, смиренные твои слуги, польщены твоим внима...
Pack01Level07DialogueStart02|ru-RU=Уймись, смертный, я не к тебе пришёл. Ты!
Pack01Level07DialogueStart03|ru-RU=Я?
Pack01Level07DialogueStart04|ru-RU=Ты! Я заметил твою суету, смертный. По правде, многие в отделе заметили. Все горячие линии оборвал, Гелиос особенно возмущался. Впечатляет.
Pack01Level07DialogueStart05|ru-RU=Я скорее польщен, чем напуган.
Pack01Level07DialogueStart06|ru-RU=Это не похвала! Потому что вот это, мой так называемый храм - вот что не впечатляет! Вы вообще помните, кто я?
Pack01Level07DialogueStart07|ru-RU=Аполлон, сын Зевса! Я, между прочим, не последнее лицо на Олимпе. У меня очень высокая должность. Хоть я и не помню, как она называется.
Pack01Level07DialogueStart08|ru-RU=Мы помним... э, Ваше Сиятельство.
Pack01Level07DialogueStart09|ru-RU=Тогда почему у меня такая ужасная статуя?! Где хоть капля шика? Ни моей красоты, ни крутости! Позорище! Надо было вам не только свет выключить.
Pack01Level07DialogueStart10|ru-RU=Ладно, и так много времени на вас потратил. А я, между прочим, очень занятой. Чао, смертные.
Pack01Level07DialogueStart11|ru-RU=Постой, о, могучий Аполлон, смилуйся! Если всё дело в статуе, то мы это исправим.
Pack01Level07DialogueStart12|ru-RU=Да ну? Каким образом?
Pack01Level07DialogueStart13|ru-RU=Как говорят мои ученики: плюнем, дунем - и сделаем новую. Которая будет достойна твоего сиятельного взора.
Pack01Level07DialogueStart14|ru-RU=Ну вот когда сделаешь, тогда и поговорим. А пока - на связи!
Pack01Level07DialogueEnd01|ru-RU=Ты сдержал слово, смертный. Теперь я выгляжу круто! Даже эти лентяи-жрецы за дело взялись. Я доволен!
Pack01Level07DialogueEnd02|ru-RU=Смеем ли мы надеяться, что нам вернут солнечный свет?
Pack01Level07DialogueEnd03|ru-RU=Так и быть! Вы можете подать заявление о возобновлении услуги, приложить копии платежей и передать в отдел... 
Pack01Level07DialogueEnd05|ru-RU=Благодарим тебя, лучезарный!
Pack01Level07DialogueEnd06|ru-RU=Да, да, как скажешь. В общем, помните мою доброту! Побольше статуй, подношений и прочего! Мне пора, но я запомню тебя, смертный. Если только не забуду, конечно. Ну всё, чао!
Pack01Level07DialogueEnd07|ru-RU=Что он имел в виду?
Pack01Level07DialogueEnd08|ru-RU=Понятия не имею. Но что-то подсказывает, что ничего хорошего.
Pack01Level02DialogueEnd07|ru-RU=...
Pack01Level07BubbleTree01|ru-RU=Мы сможем обработать дерево для постройки.
Pack01Level07BubbleTree02|ru-RU=Прекрасно! Обожаю запах свежей древесины по утрам.
Pack01Level07BubbleLadder01|ru-RU=Прометеева борода, почему на моём пути вечно рушатся мосты и лестницы? Я уже начинаю подозревать, что это чья-то злая воля...
Pack01Level07BubbleTriumph01|ru-RU=Всё готово! Клянусь молотком, это будет оглушительный триумф! 
Pack01Level07BubbleTriumph02|ru-RU=Или фееричный провал. 
Pack01Level07BubbleTriumph03|ru-RU=Не будь пессимистом! В любом случае, это будет круто!
Pack01Level07BubbleHelicopter01|ru-RU=Красиво. Только звука вертолёта над головой не хватает.
Pack01Level07BubbleHelicopter02|ru-RU=Что такое "вертолёт"?
Pack01Level07BubbleHelicopter03|ru-RU=Без понятия, но он должен здесь быть.
Pack01Level07DialogueEnd04|ru-RU=...да расслабься, смертный! Видел бы ты своё лицо, такая умора! Я же бог, забыл? Получайте свой свет.
Pack02Level08DialogueStart01|ru-RU=Почему мы в пещере?
Pack02Level08DialogueStart02|ru-RU=Я получил послание из соседнего города.
Pack02Level08DialogueStart03|ru-RU=Дай угадаю: вряд ли там говорится, что в нашу честь учреждают новые Игры.
Pack02Level08DialogueStart04|ru-RU=И даже старые не учреждают. У них не работает вода.
Pack02Level08DialogueStart05|ru-RU=Что значит "не работает"? 
Pack02Level08DialogueStart06|ru-RU=Не сказано. В храме Посейдона молчат, поэтому нас просят прибыть как можно скорее. 
Pack02Level08DialogueStart07|ru-RU=Но почему мы? Это работа жрецов.
Pack02Level08DialogueStart08|ru-RU=Потому что мы вернули дневной свет. Потому что жрецы молчат. И потому что помогать людям - хорошо. Тем более, кто знает, возможно, беда с водой касается всей Греции!
Pack02Level08DialogueStart09|ru-RU=Тогда нам стоит поспешить! Но всё же: почему мы в пещере? 
Pack02Level08DialogueStart10|ru-RU=Обычный путь займёт несколько дней. Но есть другой - напрямик через гору. 
Pack02Level08DialogueStart11|ru-RU=А он ещё работает? Выглядит заброшенным.
Pack02Level08DialogueStart12|ru-RU=Есть лишь один способ выяснить...
Pack02Level08DialogueEnd01|ru-RU=Вот и город! Скорее, Посейдон не любит ждать!
Pack02Level08DialogueEnd02|ru-RU=Хвала богам, нас ждёт морская свежесть, а не затхлость подземелья!
Pack02Level08DialogueEnd03|ru-RU=Но что это за странное зарево? Маяк? Почему он горит днём?
Pack02Level08DialogueEnd04|ru-RU=Клянусь бородой Прометея! Это не маяк...
Pack02Level08BubbleCoolStory01|ru-RU=Как думаете, что ждёт нас в глубинах?
Pack02Level08BubbleCoolStory02|ru-RU=Надеюсь, это будет что-то, что можно будет рассказать нашим потомкам.
Pack02Level08BubbleCoolStory03|ru-RU=Ну или хотя бы хорошая история для посиделок у костра.
Pack02Level08BubbleDarknessAgain01|ru-RU=Поллукс, не кажется ли тебе, что темнота здесь... она как-то знакома?
Pack02Level08BubbleDarknessAgain02|ru-RU=Конечно, будто пару минут назад добились возвращения света в Грецию, чтобы с новыми силами бежать во тьму пещеры.
Pack02Level08BubbleDarknessAgain03|ru-RU=Нам просто нужно ещё раз пролить свет на тайны, скрытые от нас!
Pack02Level08BubbleGlowingMushrooms01|ru-RU=Смотри, Поллукс, эти грибы светятся! Они помогут нам в темноте?
Pack02Level08BubbleGlowingMushrooms02|ru-RU=Давай возьмём их с собой.
Pack02Level08BubbleGlowingMushrooms03|ru-RU=Может, они растут по направлению к выходу?
Pack02Level08BubbleGlowingMushrooms04|ru-RU=Тогда новый план: собираем грибы и идём только вперёд!
Pack02Level08BubbleBrokenBridge01|ru-RU=Ну и ну, опять сломанный мост! Почему это всегда случается, когда мы вместе?
Pack02Level08BubbleBrokenBridge02|ru-RU=Может, ты проклят богами на сломанные мосты? Теперь это твоя судьба, дружище.
Pack02Level08BubbleBrokenBridge03|ru-RU=Очень смешно, учитель. Надо бы испытать наше счастье, построив его заново.
Pack02Level08BubbleBrokenBridge04|ru-RU=Лучше найдём обходной путь. Не думаю, что твоё "проклятье" готово отпустить нас без последнего слова за собой.
Pack01Level01BubbleStart01|ru-RU=Акция корпорации «Олимп»? Что это за диво такое?
Pack01Level01BubbleStart02|ru-RU=Этот пергамент похож на предсказание. У нас есть гадатель?
Pack01Level01BubbleStart03|ru-RU=Нутром своим чувствую: это знак божий, что нам понадобится древесина в будущем!
Pack01Level01BubbleStart04|ru-RU=Вот и проверим на прочность твои навыки предсказывания! И не забывайте, что нам всё ещё нужно возвести статую Аполлона.
Pack01Level01BubbleStatueFind07|ru-RU=Всё в наших руках. Исправим!
Pack01Level01CantWork01|ru-RU=Статуя выглядела бы величайшей из всех, если бы на неё падал свет, а не...
Pack01Level01CantWork02|ru-RU=Она и сейчас хороша так, что голову сносит!
Pack01Level01CantWork03|ru-RU=Ещё утром голова Аполлона была на его плечах. Почему теперь твои слова звучат так буквально?
Pack01Level01CantWork04|ru-RU=Потому что темнота испортила все планы, и мы спутали голову Аполлона с кувалдой…
Pack01Level01CantWork05|ru-RU=…Забудьте о статуе, сейчас мы должны помочь людям! Я должен удостовериться, что Елена в безопасности…
Pack01Level01HelenasVoice01|ru-RU=Елена! Ты меня слышишь?!
Pack01Level01HelenasVoice02|ru-RU=Поллукс! Я здесь!
Pack01Level01HelenasVoice03|ru-RU=Это её голос! Он доносится откуда-то с севера.
Pack01Level01HelenasNotHere01|ru-RU=Странно, она точно должна быть здесь…
Pack01Level01HelenasNotHere02|ru-RU=Бегите на север, говорят, там светлее!
Pack01Level01HelenasNotHere03|ru-RU=Странно, лишь я владею единственным источником света.
Pack01Level02BubbleTalkingOracle01|ru-RU=… поэтому я решил обратиться к тебе, Оракул.
Pack01Level02BubbleTalkingOracle02|ru-RU=Мудрое решение, дитя, ведь никто другой не владеет теми же навыками общения, что и я!
Pack01Level02BubbleTalkingOracle03|ru-RU=Оракул! Нужно скорее добраться до него.
Pack01Level04DialogueEnd14|ru-RU=В том-то и дело, что у нас вечная ночь!
Pack01Level04DialogueEnd16|ru-RU=Значит, мой ответ верен и сможет помочь в ситуации. Когда будут звонить из департамента Артемиды, посчитайте мне, пожалуйста, максимальное количество звёзд на небе за хорошее обслуживание!
Pack01Level01BubbleStatueFind06|ru-RU=А ещё статуя Аполлона не только у нас рухнула. Не к добру...
PrivacyHeader|ru-RU=Конфиденциальность данных|en-US=Data Privacy
PrivacyAccept|ru-RU=Принять|en-US=Accept
PrivacyReject|ru-RU=Отклонить|en-US=Reject
PrivacyRead|ru-RU=Прочитать информацию о конфиденциальности|en-US=Read Privacy Info
ProfileHeader|ru-RU=Профили|en-US=Profiles
ProfileDefaultName|ru-RU=Путник|en-US=Traveler
ProfileButtonNewProfile|ru-RU=Новый герой|en-US=New Hero
ProfileButtonDeleteProfile|ru-RU=Предать забвению|en-US=Consign to oblivion
PurchaseSuccessHeader|ru-RU=Успешная покупка|en-US=Purchase successful
PurchaseSuccess|ru-RU=Хот-пак успешно приобретен!|en-US=Hot Pack was successfully purchased!
PurchaseSuccessTap|ru-RU=Нажмите здесь, чтобы продолжить|en-US=Tap here to continue 
PurchaseFailureHeader|ru-RU=Покупка отменена|en-US=Purchase canceled
PurchaseFailure|ru-RU=Деньги не были сняты с вашего счета|en-US=Money hasn't been withdrawn from your account
ResourcesInfoDescription01|ru-RU=Проходи уровни|en-US=Beat levels
ResourcesInfoDescription02|ru-RU=Собирай звезды|en-US=Collect stars
ResourcesInfoDescription03|ru-RU=Чини статуи|en-US=Fix Statues
ResourcesInfoHeader|ru-RU=Собирай звезды!|en-US=Get Stars!
RewardHeader|ru-RU=Поздравляем!|en-US=Congratulations!
RewardContinue|ru-RU=Нажмите, чтобы продолжить|en-US=Tap to continue
RulesGeneral|ru-RU=Общие сведения|en-US=General
RulesResources|ru-RU=Ресурсы|en-US=Resources
RulesBuildings|ru-RU=Здания|en-US=Buildings
RulesRule01|ru-RU=Собирайте ресурсы|en-US=Collect resources
RulesRule02|ru-RU=Стройте здания, используя ресурсы|en-US=Build buildings with resources 
RulesRule03|ru-RU=Фабрики производят ресурсы с течением времени|en-US=Factories produce resources over time
SettingsHeader|ru-RU=Настройки|en-US=Settings
SettingsButtonDifficulty|ru-RU=Сложность|en-US=Difficulty
SettingsDifficultyEasy|ru-RU=Смертный|en-US=Mortal
SettingsDifficultyNormal|ru-RU=Героический|en-US=Heroic
SettingsDifficultyDescriptionEasy|ru-RU=Удел обычного человека. Самый простой уровень, нет ограничения по времени.|en-US=The lot of an ordinary person. The simplest level, no time limit.
SettingsDifficultyDescriptionNormal|ru-RU=Испытание, достойное настоящего храбреца, решившего бросить вызов богам.|en-US=A challenge worthy of a true braveheart who decided to defy the gods.
ShopButtonMore|ru-RU=Больше предложений|en-US=More offers
ShopHeader|ru-RU=Магазин|en-US=Shop
ShopHint|ru-RU=Вам необходимо подождать перед просмотром следующей рекламы|en-US=You have to wait for the next ad!
ShopFreeHeader|ru-RU=Бесплатно!|en-US=Free!
ShopOfferDescription|ru-RU=Посмотрите видео чтоб получить монеты!|en-US=Watch video to get coins
ShopWatchAd|ru-RU=Посмотреть рекламу|en-US=Watch Ad
ShopBuy|ru-RU=РУБ <Price>|en-US=RUB <Price>
ShopOfferHeader|ru-RU=Горячее предложение|en-US=Hot Offer
StoryBeatSpeak01|ru-RU=Текстовая история или диалог здесь...|en-US=Text story or dialogue here...
StoryBeatPlayerName|ru-RU=Нико|en-US=Nico
StoryBeatCharacterName01|ru-RU=Уилл|en-US=Will
ButtonAnswer01|ru-RU=Да|en-US=Yes
ButtonAnswer02|ru-RU=Нет|en-US=No
TaskFindDescription01|ru-RU=Разыскать Елену
TaskGetToDescription02|ru-RU=Добраться до Оракул
TaskGetToDescription03|ru-RU=Добраться до храма
TaskHelpDescription04|ru-RU=Помочь пострадавшим
TaskRepairDescription05|ru-RU=Починить мост
TaskIlluminateDescription06|ru-RU=Осветить алтарь
TaskCollectDescription07|ru-RU=Собрать ресурсы для подношения
TaskRepairDescription08|ru-RU=Починить алтарь
TaskFindDescription09|ru-RU=Найти жрецов
TaskFindDescription10|ru-RU=Найти собаку
TaskBringDescription11|ru-RU=Принести еду жрецу
TaskFindDescription12|ru-RU=Найти потерянную трость
TaskRepairDescription13|ru-RU=Восстановить колонны 
TaskRepairDescription16|ru-RU=Восстановить статую Аполлона
TaskRepairDescription14|ru-RU=Восстановить статуи 
TaskRepairDescription15|ru-RU=Восстановить жаровню 
TaskRepairDescription17|ru-RU=Починить лестницу
TaskIlluminateDescription18|ru-RU=Осветить статую 
TrophyBuild01Name|ru-RU=Подмастерье|en-US=Apprentice
TrophyBuild01Description|ru-RU=Построить 10 зданий|en-US=Construct 10 buildings
TrophyBuild02Name|ru-RU=Строитель|en-US=Builder
TrophyBuild02Description|ru-RU=Построить 50 зданий|en-US=Construct 50 buildings
TrophyBuild03Name|ru-RU=Архитектор|en-US=Architect
TrophyBuild03Description|ru-RU=Построить 100 зданий|en-US=Construct 100 buildings
TrophyCollectGold01Name|ru-RU=Старатель|en-US=Gold-digger
TrophyCollectGold01Description|ru-RU=Собрать 50 единиц золота|en-US=Collect 50 units of gold
TrophyCollectGold02Name|ru-RU=Золотоискатель|en-US=Gold-prospector
TrophyCollectGold02Description|ru-RU=Собрать 500 единиц золота|en-US=Collect 500 units of gold
TrophyCollectGold03Name|ru-RU=Золотодобытчик|en-US=Gold-miner
TrophyCollectGold03Description|ru-RU=Собрать 1000 единиц золота|en-US=Collect 1000 units of gold
TrophyCollectFood01Name|ru-RU=Собиратель|en-US=Gatherer
TrophyCollectFood01Description|ru-RU=Собрать 50 единиц еды|en-US=Collect 50 units of food
TrophyAllCutscenesName|ru-RU=Читатель|en-US=Reader
TrophyAllCutscenesDescription|ru-RU=Прочитать все комиксы|en-US=Read all comics
TrophyAllTrophiesName|ru-RU=Коллекционер|en-US=Collector
TrophyAllTrophiesDescription|ru-RU=Собрать все трофеи|en-US=Collect all trophies
TrophyCollectStone01Name|ru-RU=Камнетес|en-US=Stonecutter
TrophyCollectStone01Description|ru-RU=Собрать 20 единиц камней|en-US=Collect 20 units of stone
TrophyCollectStone02Name|ru-RU=Опытный камнетес|en-US=Experienced stonecutter
TrophyCollectStone02Description|ru-RU=Собрать 500 единиц камней|en-US=Collect 500 units of stone
TrophyCollectStone03Name|ru-RU=Камнетес мастер|en-US=Stonecutter-master
TrophyCollectStone03Description|ru-RU=Собрать 1000 единиц камней|en-US=Collect 1000 units of stone
TrophyDefeatEnemies01Name|ru-RU=Рекрут|en-US=Recruit
TrophyDefeatEnemies01Description|ru-RU=Победить 5 врагов|en-US=Defeat 5 enemies
TrophyCollectFood02Name|ru-RU=Плантатор|en-US=Planter
TrophyCollectFood02Description|ru-RU=Собрать 1500 единиц еды|en-US=Collect 1500 units of food
TrophyCollectFood03Name|ru-RU=Фермер|en-US=Farmer
TrophyCollectFood03Description|ru-RU=Собрать 750 единиц еды|en-US=Collect 750 units of food
TrophyCollectWood01Name|ru-RU=Дровосек|en-US=Woodcutter
TrophyCollectWood01Description|ru-RU=Собрать 30 единиц дерева|en-US=Collect 30 units of wood
TrophyCollectWood02Name|ru-RU=Лесоруб мастер|en-US=Skillful lumberjack
TrophyCollectWood02Description|ru-RU=Собрать 750 единиц дерева|en-US=Collect 750 units of wood
TrophyCollectWood03Name|ru-RU=Умелый лесоруб|en-US=Woodcut master
TrophyCollectWood03Description|ru-RU=Собрать 1500 единиц дерева|en-US=Collect 1500 units of wood
TrophyDefeatEnemies02Name|ru-RU=Бравый воин|en-US=Brave warrior
TrophyDefeatEnemies02Description|ru-RU=Победить 25 врагов|en-US=Defeat 25 enemies
TrophyDefeatEnemies03Name|ru-RU=Бесстрашный полководец|en-US=Fearless general
TrophyDefeatEnemies03Description|ru-RU=Победить 50 врагов|en-US=Defeat 50 enemies
TrophyObstacles02Name|ru-RU=Умелый чистильщик|en-US=Skillful cleaner
TrophyObstacles02Description|ru-RU=Убрать 200 препятствий|en-US=Remove 200 obstacles
TrophyObstacles03Name|ru-RU=Отличный чистильщик|en-US=Excellent cleaner
TrophyObstacles03Description|ru-RU=Убрать 500 препятствий|en-US=Remove 500 obstacles
TrophyObstacles01Name|ru-RU=Чистильщик|en-US=Cleaner
TrophyObstacles01Description|ru-RU=Убрать 5 препятствий|en-US=Remove 5 obstacles
TrophyStars02Name|ru-RU=Мастер|en-US=Master
TrophyStars02Description|ru-RU=Пройти 25 уровней на 3 звезды|en-US=Complete 25 levels with 3 stars
TrophyStars03Name|ru-RU=Эксперт|en-US=Expert
TrophyStars03Description|ru-RU=Пройти все уровни на 3 звезды|en-US=Complete ALL levels with 3 stars
TrophyStars01Name|ru-RU=Ученик|en-US=Pupil
TrophyStars01Description|ru-RU=Пройти 5 уровней на 3 звезды|en-US=Complete 5 levels with 3 stars
TrophyChange01Name|ru-RU=Негоциант|en-US=Merchant
TrophyChange01Description|ru-RU=Заключить 250 сделок на рынке|en-US=Conclude 250 deals on the market
TrophyChange02Name|ru-RU=Купец|en-US=Trader
TrophyChange02Description|ru-RU=Заключить 150 сделок на рынке|en-US=Conclude 150 deals on the market
TrophyChange03Name|ru-RU=Торговец|en-US=Dealer
TrophyChange03Description|ru-RU=Заключить 5 сделок на рынке|en-US=Conclude 5 deals on the market
TutorialHintTask|ru-RU=Выполняй задачи, чтобы завершить уровень! 
TutorialHintInactiveObjets|ru-RU=Кликни на фонарь, чтобы зажечь его! 
TutorialHintDialogue|ru-RU=Три точки над головой персонажа показывает, что он хочет поговорить с тобой! 
TutorialHintMeta|ru-RU=Проходи уровни и собирай звезды, чтобы улучшать статуи и получать бонусы!
TutorialHintBalance|ru-RU=Это твои ресурсы! 
TutorialHintTimer|ru-RU=Время ограничено, не медли!
TutorialHintStandingPoint|ru-RU=Кликни на точку отдыха, чтобы остановиться и осмотреться! 
TutorialHintCollectItem|ru-RU=Для помощи пострадавшему тебе понадобятся целебные травы! 
TutorialHintHelpPerson|ru-RU=Скорее, дай раненому целебные травы!
TutorialHintRepairObject|ru-RU=Повреждённые объекты можно восстановить с помощью инструментов и материалов.
TutorialHintUpgrade|ru-RU=Тебе нужна подмога: улучшай лагерь, чтобы получить второго подмастерья.
TutorialHintTransportableItem01|ru-RU=Чтобы осветить территорию, надо ставь факелы в специальные держатели. Давай подберём первый!
TutorialHintTransportableItem02|ru-RU=Отлично! Теперь поставь факел в новое место.
TutorialHintCollectItem|ru-RU=Чтобы отремонтировать алтарь и почтить богов, нужны уникальные ресурсы. Собери их!
TutorialHintDestroy|ru-RU=Кликни на сарай, чтобы разобрать его. На это потребуется несколько действий. 
TutorialHintPowerUp|ru-RU=Кликни на фонарь, чтобы увеличить радиус свечения своего факела!
TutorialHintGoOut|ru-RU=Зажги фонарь, кликнув на него. Но помни: он может потухнуть!
TutorialHintProduce|ru-RU=Нужна краска! Кликни на фабрику, чтобы изготовить её из красителя.
TutorialHintDestroy|ru-RU=Если ты ошибся и построил что-то не то, не расстраивайся! Всегда можно это разрушить и начать заново.
TutorialHintMirror|ru-RU=Лучом света можно управлять, попробуй! Поверни зеркала.
TutorialHintRemoveObstacle|ru-RU=На дороге преграда! Используй инструменты, чтобы расчистить путь.
